time,Open,High,Low,Close,volume
1740355200,96262.17878567,96322.44290413,96199.4,96256.37,0.0
1740355500,96256.90388278,96450.83843511,96256.00542932,96450.83843511,0.0
1740355800,96450.01,96494.92628993,96415.76955872,96472.63226298,0.0
1740356100,96471.51960203,96473.72958197,96316.86320777,96397.4,0.0
1740356400,96396.3953375,96434.41154156,96329.57518833,96433.15371189,0.0
1740356700,96429.84,96458.0,96379.09245241,96413.08038963,0.0
1740357000,96413.08932721,96414.77622578,96282.54,96285.63087468,0.0
1740357300,96285.63087468,96318.192636,96244.0,96267.19713689,0.0
1740357600,96268.40793647,96333.94598032,96166.76831046,96299.03997684,0.0
1740357900,96299.02618044,96440.6,96299.02618044,96404.89726123,0.0
1740358200,96402.69491309,96505.81798596,96357.66422779,96359.0686434,0.0
1740358500,96359.87699819,96370.3,96248.87120211,96255.24475339,0.0
1740358800,96255.92820759,96293.08503003,96205.11547165,96205.95406157,0.0
1740359100,96206.38637899,96350.09706372,96205.25391156,96242.04345278,0.0
1740359400,96241.8722118,96241.8722118,96081.08526696,96141.34629451,0.0
1740359700,96142.0,96234.28959902,96073.01422024,96185.66279807,0.0
1740360000,96185.71597366,96305.5550301,96148.78503008,96148.84116816,0.0
1740360300,96148.79562116,96186.79462624,96088.20090554,96101.384404,0.0
1740360600,96102.5,96115.50231895,95980.84054997,95980.84054997,0.0
1740360900,95980.82671782,96097.87385752,95965.70503008,96031.67078953,0.0
1740361200,96031.71190361,96033.01697406,95774.46352503,95862.07434208,0.0
1740361500,95861.85074337,95988.56491117,95784.70568539,95792.52290019,0.0
1740361800,95794.27483746,95973.76896962,95779.66105868,95909.06565361,0.0
1740362100,95909.21565361,96000.44484369,95897.88095201,95983.55,0.0
1740362400,95982.40024896,95982.56,95855.76950762,95920.32841989,0.0
1740362700,95920.2540783,96141.9,95920.2540783,96140.97558325,0.0
1740363000,96140.97090157,96203.70365035,96089.1670027,96089.1670027,0.0
1740363300,96087.6,96112.45220513,96004.455,96005.28904902,0.0
1740363600,96005.47426682,96005.51700532,95823.5,95908.8407087,0.0
1740363900,95908.44824115,95987.3,95892.35264104,95972.65,0.0
1740364200,95973.55195233,95983.80460228,95903.73991436,95971.64249241,0.0
1740364500,95971.64249241,96074.69500374,95971.07974031,96056.63764733,0.0
1740364800,96057.17798595,96077.99379457,95919.08937087,95951.69670641,0.0
1740365100,95953.32921328,96013.05,95865.51017296,96007.84343435,0.0
1740365400,96008.02719752,96041.82707427,95908.845573,95910.41285259,0.0
1740365700,95912.71066172,95920.69900227,95765.0,95831.34193001,0.0
1740366000,95831.8,95833.95462913,95690.95260831,95749.72458339,0.0
1740366300,95750.5,95788.33732296,95687.09195212,95787.96867685,0.0
1740366600,95788.37371684,95807.88994277,95727.3,95750.93692533,0.0
1740366900,95750.93692533,95750.93692533,95666.68639681,95737.10616437,0.0
1740367200,95739.03591474,95739.99761117,95631.06643015,95631.44895441,0.0
1740367500,95631.06643015,95686.1,95503.64093935,95519.0,0.0
1740367800,95517.89285216,95564.74553157,95328.49247853,95564.40717217,0.0
1740368100,95565.26609677,95700.8,95565.26609677,95676.56507601,0.0
1740368400,95676.55815826,95796.93193251,95651.3166759,95761.63032445,0.0
1740368700,95761.75152992,95792.48463318,95583.30866097,95611.78711584,0.0
1740369000,95611.73386872,95644.03625018,95512.57171647,95545.74992941,0.0
1740369300,95546.07527261,95546.07527261,95432.72998657,95432.80313964,0.0
1740369600,95432.69775421,95535.5321406,95376.388119,95465.75,0.0
1740369900,95465.81795585,95586.68575899,95443.5,95576.7,0.0
1740370200,95575.94954969,95576.33185348,95413.79576143,95461.64468365,0.0
1740370500,95461.0226925,95471.42447033,95407.1583881,95442.68008748,0.0
1740370800,95443.20536045,95453.70244162,95348.52,95412.76984469,0.0
1740371100,95412.21709003,95419.5,95299.29720022,95341.7259497,0.0
1740371400,95341.65255162,95387.02145891,95167.60280947,95249.24173297,0.0
1740371700,95251.3123325,95266.76694543,95088.52348945,95169.50672506,0.0
1740372000,95168.6847472,95285.76746084,95110.05327113,95256.65044722,0.0
1740372300,95256.71549576,95426.96856142,95249.45009999,95401.08464835,0.0
1740372600,95400.85293728,95413.16667828,95271.42861488,95274.36114703,0.0
1740372900,95275.0136286,95306.07760424,95236.16238621,95296.12822123,0.0
1740373200,95296.07612327,95369.79374387,95247.21,95265.44517012,0.0
1740373500,95267.59412881,95399.5,95243.5,95398.9315611,0.0
1740373800,95399.0,95485.21270109,95387.5,95468.91596711,0.0
1740374100,95468.99764269,95558.4,95468.90907045,95474.18861284,0.0
1740374400,95474.19801254,95489.2,95394.27023481,95423.695,0.0
1740374700,95423.52521474,95526.27029081,95373.00739566,95499.26854069,0.0
1740375000,95499.48691734,95666.16659384,95490.77961738,95649.06155042,0.0
1740375300,95649.63440412,95719.84,95614.58521011,95716.5,0.0
1740375600,95716.0,95736.45190753,95665.0,95706.74136462,0.0
1740375900,95706.74136462,95724.15,95679.47704434,95683.35,0.0
1740376200,95683.35,95750.35826494,95681.80911438,95749.34064648,0.0
1740376500,95751.3262008,95775.53750617,95721.77367584,95737.0,0.0
1740376800,95737.0,95753.07936491,95674.77364895,95735.19662905,0.0
1740377100,95734.5,95747.35159116,95678.70593462,95726.19780131,0.0
1740377400,95726.23029865,95726.9871801,95676.65,95679.4059541,0.0
1740377700,95679.76098996,95693.94997541,95634.43339491,95635.32961068,0.0
1740378000,95635.60118112,95749.71911138,95633.35955544,95749.45701666,0.0
1740378300,95749.45195601,95761.347907,95689.66733493,95689.83766856,0.0
1740378600,95689.67100704,95769.39705848,95689.50008428,95702.93506979,0.0
1740378900,95702.98348374,95800.0,95702.98348374,95799.17450761,0.0
1740379200,95799.17450761,95818.78506207,95712.94564567,95741.69811944,0.0
1740379500,95741.5,95912.64526358,95737.47281168,95828.95374596,0.0
1740379800,95828.24694461,95858.02538193,95771.0,95816.86270399,0.0
1740380100,95816.13136441,95878.12362241,95783.74634577,95871.94587127,0.0
1740380400,95871.51136149,95924.28825802,95871.0,95923.7999636,0.0
1740380700,95923.3023215,95963.079813,95869.64885411,95871.4693299,0.0
1740381000,95871.0,95883.86704098,95760.0901864,95786.67050352,0.0
1740381300,95786.93022814,95786.93022814,95713.94040504,95781.16887886,0.0
1740381600,95781.23692394,95812.52655116,95745.67178737,95812.52627801,0.0
1740381900,95812.4,95846.06192372,95806.0,95815.33500405,0.0
1740382200,95815.83727587,95928.9,95796.95565217,95898.83831631,0.0
1740382500,95898.6,95927.25243576,95856.78885482,95874.2,0.0
1740382800,95873.61,95890.13287054,95781.47155235,95781.47155235,0.0
1740383100,95776.15019535,95811.359145,95735.20738748,95807.3,0.0
1740383400,95807.81343538,95891.76784734,95806.79519579,95883.05223812,0.0
1740383700,95883.10492503,95911.26137031,95882.77898465,95886.04222838,0.0
1740384000,95885.63715208,95947.46436907,95866.6278175,95932.0,0.0
1740384300,95932.85675279,95932.85675279,95774.24370327,95774.24370327,0.0
1740384600,95771.17772794,95783.0,95710.93273378,95745.08655351,0.0
1740384900,95745.08655351,95748.52169125,95630.3952709,95632.49318834,0.0
1740385200,95632.08985966,95632.45858664,95482.54289793,95547.86607487,0.0
1740385500,95548.34080364,95577.55963684,95427.4688199,95437.99390932,0.0
1740385800,95439.40638916,95530.03190508,95389.89765276,95490.78958401,0.0
1740386100,95490.28636667,95575.59877262,95457.18850231,95492.71393525,0.0
1740386400,95492.71393525,95595.0,95492.6837485,95557.7982932,0.0
1740386700,95557.16007829,95613.37415286,95519.09256176,95580.39360398,0.0
1740387000,95580.39360398,95580.40718466,95473.82820064,95532.73789062,0.0
1740387300,95532.73789062,95602.18772505,95502.85549559,95525.04677112,0.0
1740387600,95527.06086347,95719.0,95516.0,95701.38038285,0.0
1740387900,95700.80293633,95766.15563987,95673.0609016,95703.93,0.0
1740388200,95701.32341528,95775.19974897,95693.91362478,95749.36122103,0.0
1740388500,95749.36122103,95756.7876,95716.0,95716.095716,0.0
1740388800,95715.89376504,95829.96617488,95701.01126799,95828.24694557,0.0
1740389100,95828.24205247,96095.07696615,95828.23526188,96034.0,0.0
1740389400,96034.0,96162.70964389,96014.40164034,96080.17339815,0.0
1740389700,96079.99286132,96079.99286132,95920.22556431,95963.45,0.0
1740390000,95963.45,95972.0,95855.10880019,95865.0,0.0
1740390300,95865.0,95884.1,95596.0,95596.0,0.0
1740390600,95594.34,95721.05284399,95589.0,95712.16286265,0.0
1740390900,95712.17034857,95823.97530932,95711.95,95788.0368688,0.0
1740391200,95788.678941,95909.28774832,95765.10636835,95896.13670804,0.0
1740391500,95896.02106931,95938.16969768,95701.67823795,95732.45,0.0
1740391800,95733.0414657,95787.57785473,95732.90368316,95778.29360159,0.0
1740392100,95778.12022937,95791.85927745,95678.85623658,95735.44975492,0.0
1740392400,95735.37782407,95735.37782407,95588.95,95620.16422231,0.0
1740392700,95620.25092605,95677.7864925,95589.9,95592.26534831,0.0
1740393000,95592.34068974,95654.56326225,95430.11842803,95469.6218286,0.0
1740393300,95469.55654768,95469.56835235,95382.12121139,95436.65720824,0.0
1740393600,95436.65886445,95581.43661854,95397.92295961,95569.8738588,0.0
1740393900,95569.1,95703.81786593,95528.95,95692.09108962,0.0
1740394200,95681.0,95719.13337736,95632.8725699,95645.55426353,0.0
1740394500,95645.35049993,95667.27917274,95643.75854439,95647.31413285,0.0
1740394800,95648.05,95698.22365865,95611.25194135,95611.72625,0.0
1740395100,95611.55807317,95651.5,95504.72617143,95565.5610765,0.0
1740395400,95567.1,95605.5855221,95460.37,95484.96694732,0.0
1740395700,95485.0,95518.0,95424.96149695,95425.05580207,0.0
1740396000,95425.05580207,95531.24605549,95424.57867679,95531.24605549,0.0
1740396300,95534.45417815,95720.25,95533.64116886,95720.25,0.0
1740396600,95721.14409499,95733.370654,95677.4414363,95712.88026014,0.0
1740396900,95712.86066283,95770.903351,95689.70943562,95769.995,0.0
1740397200,95771.14715584,95821.66690015,95770.77500583,95782.94829581,0.0
1740397500,95783.24829581,95787.6,95732.8,95757.93291802,0.0
1740397800,95757.93971238,95871.30416226,95757.93971238,95858.65845329,0.0
1740398100,95858.11,95858.18148153,95833.15,95835.35675282,0.0
1740398400,95834.5814384,95845.68540229,95694.0,95699.15048079,0.0
1740398700,95699.051988,95791.72376008,95697.32729597,95787.47779818,0.0
1740399000,95788.54801221,95810.24886713,95720.23106217,95798.35,0.0
1740399300,95798.84755512,95799.85102278,95759.20946867,95788.88314806,0.0
1740399600,95789.03495385,95893.27056339,95787.65735965,95824.287472,0.0
1740399900,95824.5,95839.92852273,95777.29,95839.92852273,0.0
1740400200,95840.4056936,95870.75562303,95804.7422993,95861.4,0.0
1740400500,95859.94593455,95960.27184517,95828.868642,95943.03957535,0.0
1740400800,95942.25191441,95954.72431372,95852.67769351,95866.5,0.0
1740401100,95866.5,95905.0,95773.65661155,95809.5,0.0
1740401400,95809.5,95874.383496,95760.72334074,95784.20493225,0.0
1740401700,95784.5,95803.62834628,95754.4983388,95801.0,0.0
1740402000,95799.94450899,95859.29357592,95363.75570716,95449.56608971,0.0
1740402300,95445.0,95666.3939714,95355.68413231,95569.0,0.0
1740402600,95572.0,95780.0,95550.08273095,95779.7,0.0
1740402900,95779.7,95979.52957701,95725.56,95815.15,0.0
1740403200,95814.67092425,95976.74080446,95811.03015863,95909.89024328,0.0
1740403500,95909.60164927,95980.12995345,95907.98286927,95968.45,0.0
1740403800,95965.56414186,96089.94858753,95935.49057019,95967.92139638,0.0
1740404100,95966.41313086,96041.04094757,95958.35751505,95999.11841041,0.0
1740404400,95998.88892942,96000.1,95861.32446674,95874.5,0.0
1740404700,95874.28950458,95893.0,95826.0,95869.5417387,0.0
1740405000,95869.03535026,95902.419981,95708.5,95736.98503007,0.0
1740405300,95733.51,95733.51,95592.52509003,95594.0,0.0
1740405600,95594.0,95767.0,95592.705,95657.24272275,0.0
1740405900,95657.08956378,95708.85052801,95520.58524241,95550.11494487,0.0
1740406200,95550.29337027,95612.35811217,95406.53790068,95409.175,0.0
1740406500,95409.175,95532.0,95391.78193311,95525.16597229,0.0
1740406800,95525.47928929,95525.57947261,95443.53288031,95499.25989702,0.0
1740407100,95498.86956829,95577.5,95403.01926585,95403.13002435,0.0
1740407400,95403.01926588,95794.36069037,95387.12687131,95526.0,0.0
1740407700,95521.9790798,95540.5,95384.02939399,95396.83354628,0.0
1740408000,95396.84443476,95450.0,95120.02119201,95138.58912707,0.0
1740408300,95139.67236638,95283.59048957,95095.99548772,95103.55897296,0.0
1740408600,95103.15921239,95103.38755894,94772.67194168,94813.0,0.0
1740408900,94816.25145194,94825.51100269,94575.63055358,94674.42232735,0.0
1740409200,94675.04305485,94692.04414014,94341.98931237,94413.05312762,0.0
1740409500,94412.64483418,94655.07032878,94187.44033538,94460.02991092,0.0
1740409800,94455.32433612,94949.06745787,94451.39159192,94866.88,0.0
1740410100,94861.0,94947.1808022,94417.08034994,94482.1,0.0
1740410400,94483.46138054,94729.68120199,94421.56426493,94696.25725723,0.0
1740410700,94696.0,94697.0,94309.3908436,94326.60327799,0.0
1740411000,94326.60327799,94469.58155874,94271.97166106,94271.97166106,0.0
1740411300,94273.09948169,94296.38947272,94131.50430643,94132.75583287,0.0
1740411600,94131.20901475,94289.42499663,94096.06999999,94102.0,0.0
1740411900,94102.0,94139.46383502,93832.11816889,93922.85883471,0.0
1740412200,93923.61095751,94200.84122487,93905.60769019,94001.97506864,0.0
1740412500,94003.230027,94344.22111892,93936.29318464,94315.53812217,0.0
1740412800,94318.0576337,94334.57972641,94159.86938799,94300.71514375,0.0
1740413100,94302.9363486,94683.66,94302.9363486,94661.00866749,0.0
1740413400,94660.55,94969.6769303,94652.83356082,94724.1,0.0
1740413700,94723.4989144,94802.75729457,94454.716635,94468.15522955,0.0
1740414000,94476.41088443,94685.07802422,94426.0,94683.91283862,0.0
1740414300,94684.53637334,94903.06154328,94677.02792433,94784.63648574,0.0
1740414600,94784.63648574,94826.2270027,94644.66729063,94747.0,0.0
1740414900,94746.41148669,94746.41148669,94546.45080779,94555.78043118,0.0
1740415200,94555.57172728,94787.71781911,94478.61179255,94762.13993062,0.0
1740415500,94760.61336668,94868.39158488,94536.355,94537.55814501,0.0
1740415800,94536.89268654,94582.01598662,94421.92704891,94566.0,0.0
1740416100,94567.95,94567.95,94300.6,94408.64195007,0.0
1740416400,94408.82265712,94520.68284013,94311.94817612,94511.71529214,0.0
1740416700,94511.90431538,94572.56158037,94356.0,94500.81454362,0.0
1740417000,94499.51503005,94661.44433644,94471.81,94610.8,0.0
1740417300,94611.71503006,94971.98898418,94594.70758076,94944.94376147,0.0
1740417600,94944.95049093,95180.76880197,94894.93899973,94954.00296002,0.0
1740417900,94953.86102022,95066.40774469,94885.70922513,94953.26336969,0.0
1740418200,94953.50187705,95084.5,94888.775859,94942.60826958,0.0
1740418500,94942.60153813,95120.18025608,94908.65472188,95115.37038019,0.0
1740418800,95115.80522445,95126.0555012,95029.1427078,95111.26945483,0.0
1740419100,95112.44802053,95158.3604916,94916.39326404,94968.27115484,0.0
1740419400,94967.89460224,94975.2674917,94724.01830993,94755.63703755,0.0
1740419700,94754.12057933,94764.24772904,94578.81544526,94649.03440623,0.0
1740420000,94649.99518,94748.52312566,94599.20286625,94625.45619631,0.0
1740420300,94625.5223825,94735.31702649,94513.85016194,94726.62420633,0.0
1740420600,94727.12680192,94759.80966897,94632.66588713,94670.14225139,0.0
1740420900,94668.85440498,94852.8729669,94650.10177561,94819.07104774,0.0
1740421200,94818.6,94835.06657986,94578.88426492,94642.93,0.0
1740421500,94644.82347723,94658.67,94511.85620402,94512.21214512,0.0
1740421800,94512.13974044,94563.1,94373.81917623,94522.79456899,0.0
1740422100,94523.21413336,94524.79616038,94387.78278239,94443.66542184,0.0
1740422400,94444.20614093,94512.8,94359.01410143,94363.1375025,0.0
1740422700,94365.4982285,94386.78443904,94263.07987166,94381.75,0.0
1740423000,94384.88729222,94469.14537089,94327.05,94334.68734073,0.0
1740423300,94333.11,94349.26207477,94134.83519362,94163.53348084,0.0
1740423600,94162.10413995,94408.0455313,94154.87517367,94369.69730503,0.0
1740423900,94365.21,94376.0,94193.9,94214.3607641,0.0
1740424200,94211.210565,94410.21042663,94129.82221999,94327.08137165,0.0
1740424500,94322.988192,94454.6807168,94242.27045815,94309.22463818,0.0
1740424800,94308.5,94557.6,94249.19959057,94483.98551592,0.0
1740425100,94480.99349273,94549.18761464,94364.17604483,94394.68667842,0.0
1740425400,94394.3047099,94484.76356816,94267.68199573,94267.68199573,0.0
1740425700,94268.13633491,94298.03909198,94105.30173899,94113.79329282,0.0
1740426000,94114.57664318,94138.37932192,93734.56206692,93767.15521304,0.0
1740426300,93767.7,93989.1059047,93684.66628877,93962.13447884,0.0
1740426600,93960.54,94111.47905544,93852.49916775,93989.82,0.0
1740426900,93993.54859369,94038.57017696,93847.20007081,93938.46969,0.0
1740427200,93941.3574583,94105.90058041,93827.62193735,94105.50974431,0.0
1740427500,94105.18665978,94244.08278552,94005.56945381,94213.0,0.0
1740427800,94212.62,94291.82016421,94149.0,94238.385,0.0
1740428100,94238.68567203,94443.75,94195.92982187,94253.4,0.0
1740428400,94258.44145483,94419.85,94192.26114459,94233.66755204,0.0
1740428700,94233.66755204,94271.2492615,94116.2367813,94161.98544367,0.0
1740429000,94161.88772654,94520.04763571,94161.88772654,94491.21176064,0.0
1740429300,94491.78581787,94521.65562351,94396.77,94477.69211512,0.0
1740429600,94479.87790323,94480.38627254,94271.14,94323.10623093,0.0
1740429900,94322.92723877,94537.05771395,94322.92723877,94527.7625,0.0
1740430200,94529.34912094,94537.17479164,94152.79,94165.36211993,0.0
1740430500,94164.11276945,94196.47780649,93965.98880233,93990.87400578,0.0
1740430800,93991.81,94045.82835455,93877.1,93877.1,0.0
1740431100,93877.1,93877.5,93597.6468382,93714.31003747,0.0
1740431400,93714.31003747,93939.0,93662.89774431,93828.79,0.0
1740431700,93828.79,94074.8940748,93826.71,93971.88878389,0.0
1740432000,93980.22394899,94070.16080305,93980.22394899,94063.27517013,0.0
1740432300,94063.93,94071.76125251,94021.12793865,94061.06886761,0.0
1740432600,94062.39043026,94283.0,94061.5192771,94228.72908751,0.0
1740432900,94230.0,94307.36960382,94179.67437387,94307.36960382,0.0
1740433200,94307.36960382,94314.34738946,94204.0,94219.33002155,0.0
1740433500,94218.95310718,94235.62517361,93970.52,93992.52449757,0.0
1740433800,93991.99696139,94101.11995174,93967.20325261,94101.11995174,0.0
1740434100,94101.26418052,94208.5,93941.3055293,93953.64354198,0.0
1740434400,93953.75115213,93970.73525123,93359.06093141,93594.775,0.0
1740434700,93597.99188165,93745.73821382,93447.84747269,93447.84747269,0.0
1740435000,93446.21842548,93479.2392696,93127.02787528,93161.07048547,0.0
1740435300,93158.84696949,93303.005005,92924.07053369,93189.67408412,0.0
1740435600,93191.99767512,93251.6046058,92973.59218083,93251.6046058,0.0
1740435900,93253.16434832,93603.89269696,93253.16434832,93480.09180011,0.0
1740436200,93482.03517605,93588.50959206,93482.00013819,93558.062883,0.0
1740436500,93558.26610375,93562.8240153,93127.93635302,93225.88813923,0.0
1740436800,93218.82502749,93257.96320196,92922.90080754,93162.53404153,0.0
1740437100,93149.0414657,93149.0414657,92629.91210943,92629.91210943,0.0
1740437400,92630.33919627,92931.9,92545.79497781,92898.75335209,0.0
1740437700,92902.36680736,92916.22369251,92383.68936237,92427.08017367,0.0
1740438000,92427.39575746,92735.56589102,92280.14269015,92718.95471941,0.0
1740438300,92717.06755761,92847.25,92531.39003958,92832.00240515,0.0
1740438600,92833.00716183,92834.7962663,92482.14658822,92482.14658822,0.0
1740438900,92480.989248,92638.09,92321.3055605,92568.63262777,0.0
1740439200,92569.29645291,92700.11436299,92298.325,92298.325,0.0
1740439500,92292.75,92292.75,92000.58289378,92008.51683951,0.0
1740439800,92009.44764971,92163.22214514,91887.0,91913.908086,0.0
1740440100,91911.89680457,92005.63002552,91591.53869184,91966.0,0.0
1740440400,91969.85,92199.43373168,91806.36580939,92000.17503233,0.0
1740440700,92001.75,92037.27577396,91673.64772186,91679.40904432,0.0
1740441000,91680.0672825,91686.51063038,91394.45517497,91427.59709463,0.0
1740441300,91428.43187791,91564.20068072,91332.52,91532.68027322,0.0
1740441600,91528.84,91933.2423899,91468.09697612,91634.77573126,0.0
1740441900,91643.39681457,91789.03154333,91368.06414715,91460.27775887,0.0
1740442200,91459.53517137,91461.20251448,90920.361683,91021.24329029,0.0
1740442500,91009.28022721,91852.44489968,90971.36931328,91852.43219877,0.0
1740442800,91855.89036288,92098.22649166,91790.07457153,92006.63515228,0.0
1740443100,92009.21600674,92023.34405643,91616.12497528,91643.72393697,0.0
1740443400,91643.73063797,91845.89945864,91430.89182384,91577.34926353,0.0
1740443700,91574.8,91809.19220869,91460.75495767,91612.16340383,0.0
1740444000,91612.47276334,91908.10136994,91576.61227711,91635.82960368,0.0
1740444300,91630.02451528,91898.7,91447.55,91891.62789582,0.0
1740444600,91892.5,92142.55812576,91849.11661929,91938.42209082,0.0
1740444900,91938.21469275,92084.58740618,91806.53485974,91848.46168722,0.0
1740445200,91848.169583,92000.72130334,91715.71252233,91739.27431385,0.0
1740445500,91738.04828478,91741.65,91440.75621226,91467.77246695,0.0
1740445800,91468.08906892,91715.46795049,91173.02862484,91711.7785887,0.0
1740446100,91711.21922599,91894.05409251,91579.40002304,91745.55399517,0.0
1740446400,91749.44901308,92000.0,91620.43173142,91992.74133304,0.0
1740446700,91991.97312957,92022.16718814,91740.29190358,91778.06411741,0.0
1740447000,91778.13261944,92063.26829108,91742.92855152,92026.37830288,0.0
1740447300,92023.43613145,92241.36161407,91812.91516198,92241.36161407,0.0
1740447600,92250.1162557,92387.2375,92224.61126459,92339.62319878,0.0
1740447900,92341.19657968,92358.13919836,92071.75826409,92122.08649046,0.0
1740448200,92124.16635634,92133.0,91788.62673763,91861.75826525,0.0
1740448500,91863.55845979,92038.85946018,91837.39780871,92016.7625,0.0
1740448800,92014.41938441,92286.62121708,92002.25,92216.65468635,0.0
1740449100,92216.46108,92286.27394813,92006.49408383,92013.56506303,0.0
1740449400,92013.19953457,92055.67,91777.0,91784.42254854,0.0
1740449700,91788.0,91891.73625597,91602.40620493,91700.0,0.0
1740450000,91703.79040359,91882.24104576,91577.34925879,91881.21019138,0.0
1740450300,91880.42455633,92087.16435903,91870.71815106,92075.99641383,0.0
1740450600,92075.68070691,92183.0863327,91957.79891501,92068.06588437,0.0
1740450900,92067.4533561,92201.2960453,92021.66615882,92158.75,0.0
1740451200,92158.25,92297.17127717,92149.56811625,92296.66933519,0.0
1740451500,92296.87613058,92487.10586357,92278.32358903,92447.41,0.0
1740451800,92447.39826933,92500.6976346,92351.0991144,92480.28045144,0.0
1740452100,92479.82,92481.69,92313.9660756,92354.64409678,0.0
1740452400,92354.75107106,92510.7,92312.41079336,92402.40319742,0.0
1740452700,92397.1226906,92397.1226906,92231.0,92295.09427803,0.0
1740453000,92295.276885,92309.15135561,92145.47,92145.47,0.0
1740453300,92143.77338058,92188.75,92047.2174116,92051.0,0.0
1740453600,92050.815898,92066.0,91926.70172395,92016.93360106,0.0
1740453900,92017.66354984,92207.94003891,92012.92671606,92052.39096036,0.0
1740454200,92052.5,92311.0,92046.1508405,92085.44897197,0.0
1740454500,92084.1833906,92220.14417009,91999.77924647,92188.77272808,0.0
1740454800,92188.48099039,92374.508536,92169.43400956,92284.55685284,0.0
1740455100,92284.12,92504.66873059,92284.12,92490.65915402,0.0
1740455400,92490.65915402,92525.08915319,92313.77,92373.01222942,0.0
1740455700,92372.33780477,92373.23855481,92134.10757965,92145.43971885,0.0
1740456000,92147.54925588,92151.18735663,91875.1,91995.64878498,0.0
1740456300,91992.42068866,92033.69756615,91914.7673493,91984.01847823,0.0
1740456600,91983.55371794,92071.08323297,91820.0964673,92071.08323297,0.0
1740456900,92072.37381841,92300.6,92070.00774529,92200.68691278,0.0
1740457200,92198.94843226,92313.0,92148.53915189,92223.62681005,0.0
1740457500,92222.73,92307.75961515,92178.3033029,92283.07391306,0.0
1740457800,92283.3,92301.33279699,91886.38909303,91936.85778508,0.0
1740458100,91937.85702479,91963.8,91852.74056942,91882.8,0.0
1740458400,91882.0,92140.5,91875.555,92015.09863582,0.0
1740458700,92016.0,92034.90673509,91894.64247614,92031.26,0.0
1740459000,92030.26306604,92094.99681856,92002.06043231,92025.22363399,0.0
1740459300,92026.00303506,92075.0,91894.9669335,91894.9669335,0.0
1740459600,91895.05905848,91895.05905849,91712.22707934,91810.00975336,0.0
1740459900,91810.11820174,91992.1937529,91743.99573842,91881.79555168,0.0
1740460200,91882.16307889,91962.98363449,91827.72687031,91944.78160818,0.0
1740460500,91944.78160819,92088.15932594,91907.33976351,92088.15932594,0.0
1740460800,92090.9825,92095.68573011,91996.08971284,92048.60714016,0.0
1740461100,92048.4,92054.18878245,91840.20372248,91908.12045765,0.0
1740461400,91909.24,92050.82125,91907.0402848,91990.5,0.0
1740461700,91990.57612332,92018.94080143,91925.28106045,91989.89893189,0.0
1740462000,91991.31737376,91994.60278583,91823.0,91922.36800996,0.0
1740462300,91923.665,91992.15783729,91899.5,91950.94622767,0.0
1740462600,91950.57842498,91952.87391449,91853.81425682,91933.0,0.0
1740462900,91936.39794849,92073.16,91936.39794849,92054.70869422,0.0
1740463200,92056.24889204,92113.49415878,91846.28620343,91846.28620343,0.0
1740463500,91847.72480411,91900.9953235,91761.95687481,91779.2,0.0
1740463800,91779.86413407,91792.02867636,91739.02,91748.13178423,0.0
1740464100,91750.25,91752.27913053,91606.00018325,91617.5,0.0
1740464400,91615.14,91651.57599116,91531.5,91631.86373347,0.0
1740464700,91631.6770156,91631.6770156,91535.87286911,91556.0,0.0
1740465000,91556.0,91666.71332777,91497.95985387,91500.79457798,0.0
1740465300,91500.80127825,91501.30691046,91366.45,91493.3966707,0.0
1740465600,91493.42943286,91607.47,91460.86997732,91577.69,0.0
1740465900,91577.69,91683.16982186,91518.0,91601.313158,0.0
1740466200,91601.30646469,91601.31985101,91277.50190513,91278.72266728,0.0
1740466500,91277.62916446,91333.57605396,91204.28808873,91260.56533684,0.0
1740466800,91261.14033684,91423.25371859,91218.42511814,91254.42843252,0.0
1740467100,91254.84128321,91321.40666952,90934.93558694,90934.93558694,0.0
1740467400,90934.0,91031.70083744,90083.51,90378.43598086,0.0
1740467700,90374.63096578,90706.39706221,90310.26381562,90394.04042916,0.0
1740468000,90397.7,90425.39448237,89698.6149847,89698.6149847,0.0
1740468300,89698.2149847,89698.2149847,89016.5625,89396.5189676,0.0
1740468600,89399.8571367,89554.46000349,88998.80224968,88998.80224968,0.0
1740468900,88995.85826279,88995.85826279,88227.8925025,88977.24576111,0.0
1740469200,88974.17222871,89171.38487218,88388.40035391,89073.8716379,0.0
1740469500,89074.16601573,89339.23480122,88937.6,89183.3545288,0.0
1740469800,89156.71591906,89554.98250668,89041.03912807,89457.64945812,0.0
1740470100,89467.31629285,89539.19328512,89313.09847732,89342.75502168,0.0
1740470400,89330.00558041,89784.76319089,89010.59296632,89784.76319089,0.0
1740470700,89783.87,89940.31061347,89596.74138116,89904.19408641,0.0
1740471000,89903.2,89948.54963914,89723.17,89832.60342023,0.0
1740471300,89833.41819616,89977.95540728,89702.03,89936.71480933,0.0
1740471600,89938.62863676,89956.0,89694.60266986,89727.47839402,0.0
1740471900,89725.07523187,89731.16408935,89573.095,89654.97328484,0.0
1740472200,89655.0,89933.1,89645.0,89886.11510078,0.0
1740472500,89885.26344633,89956.21746654,89817.725,89835.06977577,0.0
1740472800,89838.50311467,89854.72,89596.39498831,89666.84434144,0.0
1740473100,89667.63854029,89802.42507985,89521.95243478,89554.22878963,0.0
1740473400,89553.21926777,89579.59501449,89428.58163417,89494.52260087,0.0
1740473700,89494.52260863,89519.23227966,89357.12446628,89372.78,0.0
1740474000,89382.34428281,89556.13539801,89371.54421486,89556.13539801,0.0
1740474300,89556.13539801,89576.0,89402.81,89416.56116416,0.0
1740474600,89416.80733687,89506.0,89309.5,89335.0,0.0
1740474900,89335.0,89358.06910904,89054.13635869,89098.86043889,0.0
1740475200,89091.56413865,89107.20828952,88712.00922206,88979.67408277,0.0
1740475500,88979.9540438,88992.06542352,88514.325,88590.09747625,0.0
1740475800,88598.40201299,88896.06849493,88577.82195034,88851.86567633,0.0
1740476100,88848.56036632,89059.22,88832.99236708,88963.88010225,0.0
1740476400,88963.98096223,89090.97751501,88903.63204564,88928.0,0.0
1740476700,88927.95583012,89042.82003711,88704.95297778,88819.33101038,0.0
1740477000,88820.24844459,88846.37944973,88423.73252197,88581.1961814,0.0
1740477300,88581.16065129,88588.22121632,88245.10237773,88255.40485631,0.0
1740477600,88256.60481794,88708.02262981,87682.65579637,88695.28107793,0.0
1740477900,88694.35848753,88833.6099125,88420.50865978,88422.26804787,0.0
1740478200,88421.15661497,88421.15661497,87706.3,87706.3,0.0
1740478500,87702.5,88008.47409178,87657.49714214,87893.76,0.0
1740478800,87894.14176499,87931.76748839,86849.60447039,87166.25199573,0.0
1740479100,87158.72744865,87735.93558474,86884.67195253,87734.67672702,0.0
1740479400,87733.96817806,88364.775,87688.81474902,88237.871045,0.0
1740479700,88223.0,88411.62891057,88064.33,88275.8247745,0.0
1740480000,88281.59640935,88300.33276313,87938.47827372,87975.64040896,0.0
1740480300,87982.46855134,88031.00839078,87766.79916246,87855.82975889,0.0
1740480600,87867.73201859,88167.42,87831.3,88024.28531515,0.0
1740480900,88021.23473468,88296.93198005,88018.30698358,88175.44,0.0
1740481200,88175.44,88177.97856697,87792.39745658,87947.725,0.0
1740481500,87947.725,88157.41283999,87707.80999999,88146.62013744,0.0
1740481800,88150.44255257,88308.88575494,88000.09503003,88120.02939765,0.0
1740482100,88120.08812645,88139.98,87859.5,87921.13744082,0.0
1740482400,87925.24564948,88135.65338397,87808.0938655,87809.86,0.0
1740482700,87812.18490244,87815.5,87582.45006187,87693.86466679,0.0
1740483000,87693.0,87995.09497646,87680.66959261,87910.73628308,0.0
1740483300,87910.9169642,88497.67525771,87908.73964488,88497.67525771,0.0
1740483600,88524.06,88852.37336884,88488.38336955,88804.8,0.0
1740483900,88805.0,89024.7,88741.22450877,88987.20803422,0.0
1740484200,88996.65,89133.75541172,88927.48503002,89122.14922219,0.0
1740484500,89120.50213302,89316.64546521,89075.24349739,89204.5,0.0
1740484800,89208.84011341,89222.39620637,89016.31099099,89046.36332698,0.0
1740485100,89056.41631638,89244.37881796,88980.53058031,89237.42832559,0.0
1740485400,89242.05100286,89331.27006649,89036.86614492,89209.36,0.0
1740485700,89209.2376467,89304.82067242,89090.0,89220.4169772,0.0
1740486000,89221.44356249,89489.95435484,89195.38177101,89465.26437183,0.0
1740486300,89466.39302578,89497.28,89179.53925675,89260.0,0.0
1740486600,89267.19932833,89277.6956362,89050.53191939,89092.00322833,0.0
1740486900,89092.00322833,89183.10698128,88924.52441604,88958.95264558,0.0
1740487200,88964.54460066,89088.31449275,88926.12463208,88960.4816325,0.0
1740487500,88962.56655735,89109.65768563,88886.68444761,88911.32724042,0.0
1740487800,88912.5735155,89115.10968846,88897.01999999,88995.31110369,0.0
1740488100,89004.31673013,89377.60881021,88964.77734352,89364.44479661,0.0
1740488400,89365.97123951,89390.73399468,89098.24501825,89135.74284224,0.0
1740488700,89133.3615217,89431.26958196,89055.24698103,89421.06943372,0.0
1740489000,89420.26643071,89500.0,89225.78765457,89345.785,0.0
1740489300,89344.63412509,89356.14324621,89169.64226219,89271.7907463,0.0
1740489600,89273.19941535,89311.7346893,89067.14684553,89110.16714847,0.0
1740489900,89112.00039665,89151.93905762,89003.8007468,89013.73,0.0
1740490200,89014.59791235,89079.48297466,88929.2842987,88975.5,0.0
1740490500,88973.86,88997.69853412,88728.49427118,88840.95554243,0.0
1740490800,88843.42520333,89127.55,88841.99554594,89010.158239,0.0
1740491100,89012.39046272,89161.6279919,88786.625489,88822.69001524,0.0
1740491400,88826.23839355,88962.12561923,88781.41227319,88952.4842303,0.0
1740491700,88951.10037287,88951.10037287,88787.77813982,88790.09740384,0.0
1740492000,88790.08406842,88832.19152739,88696.00103544,88791.89684427,0.0
1740492300,88791.59532498,88861.4401583,88724.86050778,88819.15770047,0.0
1740492600,88819.98611181,89086.44088378,88801.4172092,89068.5,0.0
1740492900,89070.35470982,89314.96955676,88939.2085499,88946.51550143,0.0
1740493200,88947.11708201,88965.6,88558.65571694,88571.0,0.0
1740493500,88571.0,89161.34615969,88571.0,89122.72894778,0.0
1740493800,89122.72894778,89122.72894778,88581.0,88895.2,0.0
1740494100,88891.3122195,89011.80760453,88283.40922414,88432.4744915,0.0
1740494400,88428.98818683,88428.98818683,87918.33393874,87963.5,0.0
1740494700,87963.9,88049.72,87454.76287011,87491.11929171,0.0
1740495000,87487.6,87528.0,87025.24232878,87400.76316531,0.0
1740495300,87401.16029733,87648.22799561,87049.49009697,87087.1232686,0.0
1740495600,87087.12994076,87456.60587851,86492.51874572,86868.86194924,0.0
1740495900,86869.72999999,87113.90999999,86733.33065807,86929.62961717,0.0
1740496200,86927.20277827,87133.674267,86668.73463954,86711.22758704,0.0
1740496500,86727.13533721,87060.37,86341.09987236,86532.45959433,0.0
1740496800,86524.55476471,86804.50455449,86174.04790451,86641.19413556,0.0
1740497100,86642.83981999,87009.13785528,86429.61059405,86509.73613061,0.0
1740497400,86509.5,86661.0,86066.34587905,86151.95680467,0.0
1740497700,86156.5086117,87021.08664741,85961.90493696,86925.47778935,0.0
1740498000,86930.06080575,87074.17762226,86691.0,86906.05583595,0.0
1740498300,86898.60658691,87129.02292313,86822.90777001,86955.5,0.0
1740498600,86963.91667422,87659.0,86893.18548157,87534.33333442,0.0
1740498900,87529.48150214,87529.48150214,87091.6260405,87125.29038724,0.0
1740499200,87129.08106801,87222.99928261,86697.28451034,86832.17454132,0.0
1740499500,86812.07520745,86975.81486739,86670.9348707,86815.78329001,0.0
1740499800,86821.18778138,87184.43326871,86737.43338053,87027.84561139,0.0
1740500100,87025.63887417,87057.02128975,86609.04999999,86737.19202143,0.0
1740500400,86729.10352868,86837.43486662,86470.73794528,86546.45466991,0.0
1740500700,86545.99,86545.99,86226.2443595,86289.00725591,0.0
1740501000,86282.37987166,86430.83826875,86074.23032822,86274.73952028,0.0
1740501300,86274.17371017,86763.27589215,86073.97302055,86750.345,0.0
1740501600,86739.83536179,87180.42373664,86717.45584879,87172.14445243,0.0
1740501900,87169.97140213,87457.99215331,87116.24124814,87243.64906285,0.0
1740502200,87250.27978522,87643.51171734,87250.27978522,87487.16355207,0.0
1740502500,87486.01930227,87662.5721792,87351.05188522,87358.32757904,0.0
1740502800,87354.47210344,87572.90948459,87290.66407871,87339.57951641,0.0
1740503100,87339.57951641,87358.97163383,87029.59159736,87235.70346799,0.0
1740503400,87230.92401545,87629.73733431,87226.18855344,87400.29867499,0.0
1740503700,87394.42897973,87474.84996138,87033.29499999,87055.60679247,0.0
1740504000,87055.91251861,87162.53012348,86747.53667462,87085.23749654,0.0
1740504300,87087.97623874,87441.0,87037.15618791,87427.8572894,0.0
1740504600,87423.25,87707.8516283,87396.31174472,87534.32641182,0.0
1740504900,87535.58432113,87540.6146405,87233.49693346,87267.88204505,0.0
1740505200,87269.40760212,87363.55228796,87021.75118617,87033.75,0.0
1740505500,87039.23869651,87068.63137154,86761.67625406,86962.44110832,0.0
1740505800,86953.45301248,87073.59527441,86834.01379984,86930.94657961,0.0
1740506100,86931.10675676,87168.75662847,86931.10675676,87150.31641676,0.0
1740506400,87150.98381767,87400.97477849,87112.82462722,87391.79021644,0.0
1740506700,87387.67801384,87673.47110606,87297.66936061,87333.7932907,0.0
1740507000,87328.75184442,87421.55990575,87194.48379264,87279.05316726,0.0
1740507300,87279.48789195,87348.77011702,86952.13430578,86979.47431422,0.0
1740507600,86984.42651411,87239.25029491,86937.30880268,87136.13566204,0.0
1740507900,87134.81985336,87134.81985336,86810.0798467,86833.0,0.0
1740508200,86834.25,87017.91605648,86810.00216962,86954.70091477,0.0
1740508500,86955.62676739,87328.0189634,86930.49726503,87327.31717569,0.0
1740508800,87327.73383015,87502.78150329,87186.76512333,87401.57262051,0.0
1740509100,87402.30778259,87517.3775,87038.63662253,87118.8,0.0
1740509400,87127.55574353,87202.39391466,86895.97237205,87090.46828739,0.0
1740509700,87091.58028422,87114.11011995,86912.83340728,86965.72906218,0.0
1740510000,86965.4290615,87157.44985611,86879.61737533,87114.28326831,0.0
1740510300,87115.05946732,87191.07177836,87020.89707664,87136.16085724,0.0
1740510600,87134.89452237,87182.39458265,86588.43811296,86604.26898487,0.0
1740510900,86603.47499999,86775.6752902,86398.78720097,86714.20791691,0.0
1740511200,86712.61239674,86723.64015103,86460.18943353,86593.7957367,0.0
1740511500,86604.59571277,86838.41097149,86558.24578049,86787.18848047,0.0
1740511800,86787.30515585,87021.04081127,86707.07210537,86905.90642264,0.0
1740512100,86907.75302653,87137.45436061,86813.21003444,87063.63246498,0.0
1740512400,87064.56070399,87301.77659583,87063.9265386,87141.2852698,0.0
1740512700,87138.58890749,87544.59381251,87050.92236414,87467.71901691,0.0
1740513000,87469.51162821,87628.93434738,87395.5257634,87559.98580344,0.0
1740513300,87555.12405808,87949.09509272,87551.42675432,87830.28589878,0.0
1740513600,87828.41999999,87877.11,87513.19569576,87663.61412384,0.0
1740513900,87663.61412384,87975.69830465,87663.61412384,87811.00557448,0.0
1740514200,87810.98062545,87862.76135193,87571.18571062,87724.49388214,0.0
1740514500,87724.48706756,88053.9008616,87630.60815804,87965.64127389,0.0
1740514800,87966.99688111,88514.28815439,87865.70886676,88487.04651594,0.0
1740515100,88485.77168093,88699.99122442,88463.61135162,88592.14532683,0.0
1740515400,88590.37804011,88880.57397416,88477.39692975,88867.83762382,0.0
1740515700,88867.03365542,88926.48531341,88448.22216287,88467.12978002,0.0
1740516000,88466.54382777,88492.82380739,88129.05765033,88175.00821294,0.0
1740516300,88174.23723731,88416.47080518,88074.73677594,88174.96943587,0.0
1740516600,88172.59488246,88295.63637003,87962.47150109,88043.805,0.0
1740516900,88044.08853391,88201.87898775,87786.38,88068.9075913,0.0
1740517200,88069.28400391,88393.16403371,88028.71221236,88244.4551506,0.0
1740517500,88244.31057949,88244.31057949,87738.33491908,87867.84695548,0.0
1740517800,87868.23283966,87872.4180497,87671.64635871,87832.73135816,0.0
1740518100,87842.57539346,87972.32259918,87777.77048179,87949.7584509,0.0
1740518400,87950.91022267,88210.57303331,87940.13057993,88126.55732627,0.0
1740518700,88126.55732627,88284.141875,88114.17159615,88213.72,0.0
1740519000,88213.10731279,88213.20935109,88096.9133174,88162.6524461,0.0
1740519300,88162.6674461,88162.6674461,87972.89627584,88097.99408919,0.0
1740519600,88098.36994992,88361.54086253,88098.36994992,88348.643581,0.0
1740519900,88349.61697067,88632.2184841,88349.61697067,88416.99108826,0.0
1740520200,88423.14372853,88678.32053953,88371.22364625,88670.28426428,0.0
1740520500,88668.48096361,88709.58879435,88553.75751502,88709.58879435,0.0
1740520800,88714.88141217,89109.98262717,88646.33698678,89104.4599214,0.0
1740521100,89108.7039053,89361.7594762,89067.78439584,89245.16797632,0.0
1740521400,89245.44165374,89245.63764822,88830.79549001,88892.00326538,0.0
1740521700,88898.53329983,89042.4177875,88861.52091084,88899.07001673,0.0
1740522000,88900.09556347,88913.44246463,88687.24220872,88819.52688417,0.0
1740522300,88820.15293949,88942.15965859,88726.15435372,88739.86748937,0.0
1740522600,88745.5,88938.53440562,88745.5,88907.11789374,0.0
1740522900,88906.77083957,88963.505,88558.985,88573.33940376,0.0
1740523200,88579.35364904,88700.47164534,88541.09257852,88568.13207919,0.0
1740523500,88568.02436185,88765.8,88433.98577836,88763.17706618,0.0
1740523800,88763.17706615,88765.22843825,88658.4333327,88728.415,0.0
1740524100,88728.27443976,88804.11359101,88706.11108012,88730.30652378,0.0
1740524400,88727.16535868,88865.615108,88606.0,88848.55682908,0.0
1740524700,88851.49817369,89022.0,88834.19701857,88941.5,0.0
1740525000,88941.81884278,89029.70935261,88913.81187189,88914.86521757,0.0
1740525300,88915.48653197,89005.74,88899.71190187,88998.30505465,0.0
1740525600,88998.38200288,89059.50229298,88936.56240451,88977.07556567,0.0
1740525900,88978.32383245,88997.02238138,88885.0,88967.23956238,0.0
1740526200,88967.23956238,88983.0,88813.02503002,88846.81750738,0.0
1740526500,88846.07503004,88846.07503004,88664.5,88674.93165319,0.0
1740526800,88675.38,88774.41792213,88598.6820348,88688.18043404,0.0
1740527100,88681.21218207,88768.9536447,88583.0,88751.0,0.0
1740527400,88750.72843375,88784.84846348,88698.59906447,88699.1317595,0.0
1740527700,88699.19455443,88771.33,88576.05830325,88577.5,0.0
1740528000,88579.97777007,88580.93404009,88448.32692582,88460.85203484,0.0
